{"cameraMode":{"drawMode":0,"name":"Shaded","section":"Shading Mode"},"sceneLighting":true,"audioPlay":false,"sceneViewState":{"m_AlwaysRefresh":false,"showFog":true,"showSkybox":true,"showFlares":true,"showImageEffects":true,"showParticleSystems":true,"showVisualEffectGraphs":true,"m_FxEnabled":true},"in2DMode":false,"pivot":{"x":0.5141288638114929,"y":3.8354265689849855,"z":0.6589224934577942},"rotation":{"x":0.1967899203300476,"y":-0.031775884330272678,"z":0.006379787344485521,"w":0.9793272614479065},"size":0.8660253882408142,"orthographic":false}